{"cameraMode":{"drawMode":0,"name":"Shaded","section":"Shading Mode"},"sceneLighting":true,"audioPlay":false,"sceneViewState":{"showFog":true,"showMaterialUpdate":true,"showSkybox":true,"showFlares":true,"showImageEffects":true,"showParticleSystems":true},"in2DMode":false,"pivot":{"x":245.90647888183595,"y":183.49078369140626,"z":2.51641845703125},"rotation":{"x":0.023993367329239847,"y":0.01949329674243927,"z":-0.00046744669089093804,"w":0.9995313286781311},"size":229.2794952392578,"orthographic":false}